Front,Rear,Side
Audi,Hyundai,Chrysler
Acura,Dodge,Audi
Ford,Buik,Volkswagen
Mazda,Chevrolet,Chrysler
Dodge,Audi,Toyota
Mitsubishi,Porsche,Fisker
Hyundai,Audi,Hyundai
Volvo,Cadillac,Mercedes
Mazda,Volkswagen,Bentley
Chevrolet,Toyota,Dodge
Corvete,AstonMartin,Dodge
GMC,Audi,BMW
Nissan,Volvo,Chevrolet
Volvo,Hyundai,GMC
Hyundai,BMW,Mercedes
Suzuki,Chrysler,Infinity
Dodge,Corvete,McLaren
Aero,Suzuki,Chrysler
Volvo,Bentley,Infinity
LandRover,Audi,Hyundai
Hyundai,GMC,Nissan
Hyundai,Hyundai,Acura
BMW,Volkswagen,Buik
Dodge,Fiat,BMW
Fisker,GMC,Tesla
Infinity,Acura,Dodge
Audi,Jeep,Chrysler
Volkswagen,Chevrolet,Fisker
GMC,Volvo,Dodge
BMW,Chevrolet,AstonMartin
Volvo,Chevrolet,GMC
RollsRoyce,Ford,Honda
Bentley,Ford,Suzuki
Jeep,Honda,Chrysler
Dodge,Lincoln,Bentley
Bentley,Fiat,Acura
Chevrolet,BMW,Lamborghini
Ford,Buik,Buik
Ferrari,Mercedes,Aero
Audi,Mercedes,Chrysler
Acura,Chevrolet,Buik
BMW,GMC,Suzuki
Honda,Hyundai,Dodge
Dodge,Bugatti,Dodge
Ford,Jaguar,Porsche
Chevrolet,Dacia,Mercedes
Ford,Volvo,Chevrolet
Hendai,Suzuki,Chrysler
AstonMartin,Buik,Infinity
Volkswagen,BMW,Dodge
Ford,Chrysler,Toyota
Buick,McLaren,Dodge
Buick,Jeep,Buik
Nissan,Audi,Buik
Audi,Chevrolet,Jeep
Mercedes,Chevrolet,Bentley
Hendai,Audi,Chrysler
RollsRoyce,Audi,Ford
Ford,Audi,Dodge
Ferrari,Chevrolet,Hyundai
Cadillac,BMW,Hyundai
BMW,Mercedes,Infinity
Chevrolet,Bugatti,Audi
Mercedes,Jeep,Dodge
Hendai,Chevrolet,Buik
GMC,Audi,BMW
Mercedes,Jeep,BMW
Ford,Audi,Mercedes
Bentley,BMW,Lamborghini
RollsRoyce,Hyundai,Mitsubishi
Jeep,BMW,Corvete
Jaguar,Toyota,Dodge
Chevrolet,McLaren,Audi
Audi,Chevrolet,Ferrari
Hendai,GMC,Audi
Ford,Acura,Ford
Nissan,BMW,GMC
GMC,Dodge,Ford
Volkswagen,AstonMartin,Buik
LandRover,Suzuki,Buik
Bentley,Buik,Volvo
Dodge,Volvo,Chevrolet
Buick,Buik,Volvo
Audi,Mercedes,Bentley
Hendai,Chevrolet,Ferrari
Audi,Bentley,Honda
Bentley,Volkswagen,
RollsRoyce,Suzuki,
Bentley,Infinity,
GMC,Bentley,
Buick,Audi,
LandRover,Volkswagen,
Chevrolet,Volvo,
Mercedes,Dodge,
Mercedes,Audi,
Dodge,Volkswagen,
Suzuki,Corvete,
Bugatti,Bentley,
Suzuki,Fiat,
Toyota,Dodge,
RollsRoyce,Bentley,
Ford,BMW,
Honda,Volkswagen,
Volkswagen,BMW,
Audi,Audi,
Audi,Corvete,
Dodge,Acura,
Audi,Corvete,
AstonMartin,Audi,
Dodge,AstonMartin,
,Mini,
,Dodge,
,Audi,
,Bentley,
,Aero,
,Toyota,
,LandRover,
,McLaren,
,LandRover,
,Hyundai,
,McLaren,
,Hyundai,
